{"grab_close_ratio": 1.0, "a0": 3, "c0": 0, "a1": 0.25, "b0": 1.57079632679,"a2":1.57079632679}
